作者	文件数	字数
大仲马	1808	62323794
凡尔纳	1508	56920983
左拉	648	47196142
巴尔扎克	809	43928292
福楼拜	1998	35468871
雨果	1664	33894011
狄更斯	74	31774239
普鲁斯特	178	30324771
马克·吐温	941	25540074
司汤达	567	24942980
霍桑	793	24437795
托马斯·哈代	1054	23514447
波德莱尔	970	22654181
莫泊桑	512	20248138
麦尔维尔	845	19262569
陀思妥耶夫斯基	305	17386599
托尔斯泰	312	15845079
弥尔顿	857	13362733
乔治·艾略特	756	12554506
简·奥斯汀	701	12448728
果戈里	202	11456678
伍德豪斯	615	10904291
D.H.劳伦斯	476	10230990
康拉德	624	9601783
乔叟	493	9356458
莎士比亚	72	9220979
韩愈	780	8962968
刘易斯·卡罗尔	614	8792514
大卫·福斯特·华莱士	331	8340404
柳宗元	816	8196450
柯南·道尔	825	7941810
兰波	423	7797412
屠格涅夫	203	7783133
普希金	189	7399913
王尔德	524	7304662
爱伦·坡	552	6399111
王安石	513	6323864
李白	692	6162259
埃萨·德·凯罗斯	192	6082449
马查多·德·阿西斯	1007	5994101
阿加莎·克里斯蒂	235	5402075
欧阳修	434	5048151
斯威夫特	509	4923936
杜甫	572	4831408
伍尔夫	131	4771347
夏洛蒂·勃朗特	453	4676881
江户川乱步	108	4604352
叶芝	766	4433694
艾米莉·勃朗特	350	4157083
苏轼	372	4155422
塞万提斯	81	4009091
乔治·R·R·马丁	197	3934414
道格拉斯·亚当斯	176	3802946
约翰·勒卡雷	200	3743493
爱丽丝·门罗	205	3675021
加莱亚诺	39	3573754
惠特曼	733	3462131
契诃夫	149	3405921
夏目漱石	106	3349764
科马克·麦卡锡	200	3280662
贝克特	1425	3032668
冯梦龙_三言	307	2866007
洛夫克拉夫特	202	2803807
庾信	88	2739338
陆游	202	2711656
狄金森	816	2645897
克维多	69	2535425
太宰治	250	2326799
汤显祖	309	2215703
归有光	118	2187890
森鸥外	128	2157402
袁宏道	125	2040883
曹操	368	1892997
芥川龙之介	359	1889423
海明威	147	1867718
卡夫雷拉·因凡特	4	1766994
伯恩哈德	44	1667835
阿斯图里亚斯	18	1656056
福克纳	24	1443608
谷崎润一郎	50	1344051
袁枚	156	1316826
安徒生	16	1186375
聂鲁达	12	1110891
富恩特斯	300	1054960
汉姆生	10	1040893
雷蒙德·钱德勒	28	931498
显克维奇	10	923179
托尔金	31	891317
菲茨杰拉德	54	858926
菲利普·迪克	19	851551
黑塞	8	843835
凌濛初_二拍	81	824871
德鲁蒙德·德·安德拉德	230	798431
尼卡诺尔·帕拉	4	792298
李渔	171	786207
博尔赫斯	7	784352
司马迁	134	768019
西游记	101	754492
金瓶梅	101	731613
乔伊斯	29	731185
若热·亚马多	50	639052
王小波	65	626192
三国演义	123	617488
红楼梦	80	603951
弗罗斯特	213	601427
奥克塔维奥·帕斯	13	509686
T.S.艾略特	75	490160
斯坦贝克	5	479134
阿瑟·克拉克	44	475034
伊夫林·沃	15	471946
川端康成	72	446529
希梅内斯	29	441908
厄普代克	4	436237
张岱	47	415735
一千零一夜__无名氏	94	412176
乌纳穆诺	75	411145
纪昀	26	373407
吴敬梓	62	370258
白居易	150	357265
萧红	78	347775
冯内古特	12	315939
纳博科夫	70	297354
弗兰纳里·奥康纳	9	279445
基罗加	31	262812
汪曾祺	157	255027
樋口一叶	27	245272
普伊格	253	226238
阿西莫夫	15	223771
米斯特拉尔	95	216750
巴别尔	9	214640
世说新语	38	214448
埃斯库罗斯	3	209267
鲁迅	33	196065
关汉卿	28	195021
郁达夫	39	194667
索尔仁尼琴	11	191352
布莱希特	2	189994
皮兰德娄	2	189994
托马斯·曼	2	188813
李贺	22	188137
多诺索	1	187910
巴列-因克兰	30	180834
周作人	106	172992
易卜生	5	163519
纳兰性德	41	162441
索尔·胡安娜	36	161237
加尔多斯	57	154270
克拉林	8	153989
帕斯捷尔纳克	16	148142
战国策	23	143094
徐志摩	87	126138
巴尔加斯·略萨	1	122839
杜牧	150	115680
杨牧	150	115680
里尔克	4	113443
孔尚任	47	112802
王实甫	31	112047
科塔萨尔	4	108271
斯特林堡	11	107495
李商隐	150	105756
洪昇	53	96623
玛格丽特·阿特伍德	15	94458
孟子	15	93277
布鲁诺·舒尔茨	2	89721
庄子	33	82038
戴望舒	9	76705
佩索阿	2	72013
曹植	46	71695
厄休拉·勒古恩	2	69919
茨威格	1	66173
吉马良斯·罗萨	5	66085
辛弃疾	50	63263
沈复	6	58512
诗经	250	57560
歌德	2	55167
哈维尔·马里亚斯	1	53370
山海经	19	50054
温庭筠	43	48707
安东尼奥·马查多	40	47972
马致远	17	42223
品钦	3	41708
还珠楼主	149	41701
王维	69	36213
洛尔迦	22	35643
雷蒙德·卡佛	1	34267
杨万里	46	32238
鸠摩罗什译经体	6	29973
曹禺	142	26307
木心	142	26307
陶渊明	14	26093
钱钟书	3	26062
贡戈拉	5	20198
李清照	75	18438
席勒	2	18335
屈原	11	18087
穆时英	3	17325
亨利·詹姆斯	5	17292
西西	16	17052
老舍	7	15994
周邦彦	47	15981
穆齐尔	2	15649
但丁	2	15143
加西亚·马尔克斯	1	12938
卡蒙斯	15	12540
黄庭坚	80	12213
清少纳言	2	11902
李煜	22	7953
蒲松龄	8	7507
奥威尔	7	7110
塞利纳	2	6927
卡夫卡	2	5575
井原西鹤	1	5118
谢灵运	24	5020
巴列霍	2	4110
姜夔	11	3810
西尔维娅·普拉斯	2	3785
薄伽丘	1	3755
废名	3	3395
鲁文·达里奥	1	3306
柳永	19	2748
李汝珍	1	2383
古诗十九首	1	2028
刘鹗	1	486
吉田兼好	1	447
松尾芭蕉	1	155
水浒传	1	122
紫式部	0	0
